<?xml version="1.0" encoding="utf-8"?>
<install type="component" version="2.5.0" method="upgrade">
	<name>MailUP</name>
	<author>Coolshop</author>
	<creationDate>June 2012</creationDate>
	<copyright>Copyright (c) 2006 - 2012 Coolshop Ltd. All rights reserved.</copyright>
	<authorEmail>admin@coolshop.it</authorEmail>
	<authorUrl>www.coolshop.it</authorUrl>
	<version>1.0.5</version>
	<license>http://www.gnu.org/licenses/gpl-2.0.html GNU/GPL</license>
	<description>Thank you for installing MailUP by Coolshop</description>
	<installfile>install.mailup.php</installfile>
	<uninstallfile>uninstall.mailup.php</uninstallfile>
	<install>
	<sql>
		<file driver="mysqli" charset="utf8">install.mysql.sql</file>
		<file driver="mysql" charset="utf8">install.mysql.sql</file>
	</sql>
	</install>
	<uninstall>
		<sql>
			<file driver="mysqli" charset="utf8">uninstall.mysql.sql</file>
			<file driver="mysql" charset="utf8">uninstall.mysql.sql</file>
		</sql>
	</uninstall>
	<files folder="components/com_mailup">
		<folder>views</folder>
		<filename>controller.php</filename>
		<filename>index.html</filename>
		<filename>mailup_method.php</filename>
		<filename>mailup.php</filename>
		<filename>makequerystring.php</filename>
		<filename>rc4.php</filename>
		<filename>webhook.php</filename>
	</files>
	<!--<files>
		<folder>components</folder>
	</files>-->
	<languages folder="language">
		<language tag="en-GB">en-GB/en-GB.com_mailup.ini</language>
		<language tag="it-IT">it-IT/it-IT.com_mailup.ini</language>
	</languages>
		<administration>
			<menu link="option=com_mailup">COM_MAILUP</menu>
			<files folder="administrator/components/com_mailup">
				<folder>controllers</folder>
				<folder>elements</folder>
				<folder>helpers</folder>
				<folder>images</folder>
				<folder>models</folder>
				<folder>tables</folder>
				<folder>views</folder>
				<filename>access.xml</filename>
				<filename>config.xml</filename>
				<filename>controller.php</filename>
				<filename>mailup.php</filename>
				<filename>install.mysql.sql</filename>
				<filename>uninstall.mysql.sql</filename>
				<filename>index.html</filename>
			</files>
			<languages folder="administrator/language/en-GB">
				<language tag="en-GB">en-GB.com_mailup.ini</language>
				<language tag="en-GB">en-GB.com_mailup.sys.ini</language>
			</languages>
	</administration>
	<modules>
		<module module="mod_mailup" client="site" />
	</modules>
	<plugins>
		<plugin plugin="mailupsubscriber" group="user" />
	</plugins>
</install>